ID,U
mp-8291,70660.6154272561
mp-13660,55982.63058628207
mp-555874,65422.1195274946
mp-7906,60086.854264300826
mp-8751,48892.16955760661
mp-10748,66148.65502329347
mp-2068,74177.45494293176
mp-7752,39641.1337596804
mp-998603,75682.4405858216
mp-14039,83026.40414454404
mp-23804,150408.87437929472
mp-11659,117668.97763225636
mp-14285,108942.21091155628
mp-4047,82973.09258795987
mp-13056,87947.6501573459
mp-28797,34082.689999573944
mp-28873,46625.427077859895
mp-24424,59649.13549242998
mp-35015,60974.38846869333
mp-487,92193.98689938289
mp-754326,36197.263724049975
mp-29364,106199.0077942781
mp-4651,92203.50246364596
mp-5072,41654.22839544958
mp-7914,36486.37517376847
mp-13903,70418.74535138403
mp-551835,78373.14472354544
mp-866141,34800.90872024029
mp-12535,76458.2856702747
mp-13031,16196.976650270242
mp-2201,15198.939308011775
mp-27546,49039.69566627123
mp-571461,53896.465474260585
mp-9262,78033.92666158253
mp-545544,87194.51791844558
mp-568544,38503.56899936348
mp-9919,47268.84833124113
mp-22951,46582.40604549206
mp-4763,70728.69454825917
mp-760417,53551.32678355421
mp-23004,79099.00834243034
mp-2964,44317.48113002274
mp-588,72098.49465062983
mp-989608,77387.27398285145
mp-10572,92052.574127293
mp-11713,120819.19507834672
mp-4124,50681.20024660239
mp-5518,62686.64995190872
mp-9244,77920.96358785401
mp-9382,35727.92763245826
mp-11123,92183.61153571526
mp-2979,163452.42386722768
mp-30004,52645.00031311786
mp-961648,18350.935456846848
mp-998612,75954.03100005933
mp-15704,101376.52833018493
mp-3970,78140.8154402625
mp-553281,87659.66560136461
mp-27549,60809.32207660368
mp-28554,31125.68609060088
mp-36111,25791.552057589528
mp-7041,35809.725864136155
mp-9321,55581.87918926756
mp-1009792,20226.198982042217
mp-23465,69784.2226339836
mp-27193,45248.816730238505
mp-569028,67976.35039501544
mp-8789,56831.74508981344
mp-8882,33999.91718617286
mp-1008786,15547.73928632804
mp-23956,83855.40022352974
mp-10044,21091.492581413186
mp-12779,30644.866293611354
mp-15556,75416.48623124194
mp-27255,81647.6702117287
mp-28243,64100.90872768545
mp-2853,18307.74743709142
mp-29138,62014.536132763846
mp-5479,54245.25226223025
mp-2064,15478.177634515749
mp-22313,44611.16581339412
mp-697044,137532.15774757392
mp-978852,39641.58782548053
mp-19799,67150.49194954605
mp-570256,53127.96230781302
mp-573697,15167.93489077572
mp-690785,148747.2261646188
mp-997041,75579.55330237282
mp-9636,71174.10718274815
mp-23295,15231.599931429431
mp-558781,117212.16468434152
mp-754117,111603.72723158808
mp-8279,39463.99621552449
mp-9385,46144.49507858115
mp-984761,29985.502332324424
mp-9856,92736.4546885864
mp-1968,43087.51859166165
mp-9317,97168.33032460776
mp-9361,31323.198545587467
mp-9567,39070.30621266004
mp-972937,80691.77797317918
mp-1009820,19874.848055181603
mp-23353,53435.807355721256
mp-3486,45919.6612051797
mp-4782,70287.7091070012
mp-961683,20589.56774965686
mp-999498,58298.85262472312
mp-14006,71506.42913809163
mp-9692,93352.58459385764
mp-989635,101323.95234750812
mp-12444,64415.26607631213
mp-22916,15359.780736583914
mp-28266,52723.66758365342
mp-7581,24439.177403361155
mp-14116,39264.07734939013
mp-23067,70918.44464806121
mp-29055,45787.422599791
mp-753802,108789.52013423576
mp-15777,54320.333883820655
mp-23120,77246.75136417094
mp-23268,15247.111986271148
mp-27315,71424.7592601883
mp-684,48145.409996200775
mp-976876,50463.51828349502
mp-9844,145424.363995154
mp-1519,15471.753671427245
mp-2229,17207.347748106567
mp-570935,32223.83075879439
mp-989629,69184.14813131196
mp-22905,16216.877896809756
mp-252,18032.974433255466
mp-3159,56950.67965125746
mp-37216,67778.98696478138
mp-961685,23523.34446727826
mp-10219,53679.6472781681
mp-568032,54441.81612413888
mp-9063,91583.81444428537
mp-4636,37564.16015478513
mp-567744,91611.9215115686
mp-626724,107883.38378913728
mp-66,36049.54447289453
mp-546500,50115.37943454957
mp-567652,78014.95749047666
mp-753287,34164.39225741037
mp-8276,40281.19004816814
mp-5048,64163.38620052127
mp-7938,67010.34784210651
mp-7939,64064.0911542517
mp-315,23700.12265533448
mp-554412,134081.77873108018
mp-568560,15064.99589710655
mp-27985,52229.59798221659
mp-573763,90342.19233830553
mp-999549,35010.92032037952
mp-10155,107564.65200831828
mp-981,24592.87151130288
mp-10336,91889.25512817044
mp-11019,76027.9439201491
mp-1500,15527.85044926326
mp-2030,107136.00471838744
mp-29403,46117.05148477067
mp-31002,53061.82318575103
mp-581833,49428.70101826342
mp-28591,55259.04722646733
mp-1190,15766.297263115428
mp-13033,15878.300860356669
mp-697133,76117.25770878878
mp-23222,33319.371750258
mp-30459,23721.0418776196
mp-6059,74474.50618667844
mp-7089,46760.7354402556
mp-8407,51621.22543718929
mp-31212,58805.85952885377
mp-3419,104108.46526594406
mp-5431,89661.38727673562
mp-1009127,15179.15124451592
mp-23197,15027.561907181094
mp-2657,58053.27564196951
mp-27303,102245.86095536994
mp-2961,70878.56234064636
mp-5967,24519.2026866582
mp-753671,77205.38385591829
mp-8257,79670.59824321303
mp-3810,90739.34041462636
mp-4043,63537.84870019625
mp-546011,67013.18680124887
mp-974603,49171.6363006533
mp-13868,92253.8663911715
mp-634676,73524.1653468935
mp-975140,63866.22585023225
mp-22583,94742.38442620344
mp-22956,55278.61026180554
mp-755287,69358.66213138383
mp-8759,104879.40945201472
mp-9774,51342.010536759175
mp-10955,54111.848874659394
mp-181,93118.22287139086
mp-2672,68949.03758729037
mp-27839,70165.33099964794
mp-7375,46453.18973269095
mp-1415,15678.789530401296
mp-23023,49697.21190390333
mp-5784,113026.3653513408
mp-643264,186927.6153378244
mp-8891,124365.8493443792
mp-8963,54919.00191152542
mp-983565,70567.49765794998
mp-991652,63039.53052213449
mp-10615,24779.72077680174
mp-1522,54466.05604725338
mp-23302,15060.03011568384
mp-2646,39374.94882525275
mp-6450,99444.25055201582
mp-7643,61040.90628263419
mp-9731,45924.0904007127
mp-9794,92976.85127516004
mp-996943,74556.6398541762
mp-1009220,18975.700545607164
mp-11327,22718.38526127325
mp-2472,16549.324729672768
mp-2695,47131.10871323888
mp-552488,65440.23647389476
mp-961713,23522.66844705437
mp-2008,49671.59006248055
mp-23550,100877.5145277093
mp-3762,67853.45063247945
mp-5588,76157.33154261464
mp-830,20440.07062556981
mp-989563,70205.90444143799
mp-12927,112690.76892622674
mp-546864,78930.16347183388
mp-696804,73063.40339170823
mp-755478,86771.65633689088
mp-8799,46755.4118866997
mp-9437,24443.24969474894
mp-23405,68526.0526031888
mp-5078,101042.134782601
mp-1014244,37750.88505247949
mp-10694,35325.98452520193
mp-16764,61069.66998638896
mp-2576,91757.92405032428
mp-2894,23524.40678168945
mp-546125,122790.0559550054
mp-682,16414.382853706327
mp-7908,55780.1206629055
mp-961661,24466.496088738026
mp-989541,73314.23468081515
mp-22862,15592.169002175784
mp-23870,21429.79115313465
mp-15954,97353.371615779
mp-5046,76319.80014430746
mp-568273,31322.415680735863
mp-568662,23160.89859188781
mp-555166,63837.1689093462
mp-5853,143913.3878236436
mp-5955,70850.64482824647
mp-614603,15037.2085118616
mp-752446,57436.188119011305
mp-7849,65953.97190660852
mp-20329,71823.89237829308
mp-8289,64786.60535335046
mp-961684,24319.163349469567
mp-997089,36661.82852777789
mp-1143,108993.815388522
mp-406,15323.340815756446
mp-7394,64362.94887866111
mp-997618,19673.11379983864
mp-15953,106684.60232977135
mp-8459,135874.32897998014
mp-989514,75283.45168193794
mp-989527,75780.99198428303
mp-23193,15366.358466844618
mp-6492,90446.03330630357
mp-1672,16179.899531179348
mp-27138,53899.99500392492
mp-754212,68151.10368351043
mp-28553,65491.29935477668
mp-675011,79775.72414615631
mp-1009813,16619.867597074055
mp-1340,79101.59411556796
mp-13541,124796.80053723729
mp-1367,24752.94133476211
mp-15157,56165.61266980405
mp-23024,47429.29140266492
mp-3098,81717.3707846528
mp-3666,96927.87862463213
mp-997002,72731.73948502852
mp-10408,56581.12713560258
mp-23859,65944.49143343388
mp-28075,85350.75473096945
mp-570844,126982.60627972346
mp-672,32185.7410944748
mp-1018100,32696.65748067085
mp-15724,30719.27546700328
mp-2133,36638.59153218677
mp-22936,33582.447447443315
mp-2490,17010.33297939654
mp-3642,75148.70848599056
mp-561710,80666.06583852468
mp-567666,78216.97070045015
mp-3589,79746.15583164075
mp-6980,32991.45831042946
mp-730,107046.07986685797
mp-862871,45837.91920236447
mp-14017,60609.98029662991
mp-20210,84834.76618456973
mp-23018,113741.69226488538
mp-27678,79081.11048403189
mp-556866,93009.1526428767
mp-8311,72703.61681856589
mp-9571,39201.55613303749
mp-978846,44983.36877981846
mp-3078,65520.85547169959
mp-989639,80179.17774439706
mp-1634,48882.6503447806
mp-27827,71157.29606707196
mp-697096,104862.43825435966
mp-2693,15235.204662774797
mp-567636,24745.2698029965
mp-569571,157438.95137837323
mp-573204,67557.84467990034
mp-961659,25011.63416964996
mp-1020059,127246.4643731424
mp-10418,69794.72795799516
mp-24341,142949.91858406627
mp-30315,72409.88550922702
mp-468,78146.14669553893
mp-5380,57853.37060314648
mp-7895,33916.727690018146
mp-8884,31037.94524715097
mp-2624,16353.728785322048
mp-3982,74775.8720335883
mp-545359,51144.217942662166
mp-553342,106729.15996544088
mp-7140,49098.9146283349
mp-23056,31955.364546437508
mp-569149,65700.77351158274
mp-8861,58019.122959013
mp-8880,35710.27421424636
mp-9517,76717.82131868297
mp-19765,53589.950390378224
mp-23703,25491.6278698145
mp-27791,186331.51450953336
mp-28302,54442.3437331856
mp-3519,107759.7152304268
mp-27422,68498.73633434866
mp-28145,71351.91879382773
mp-29151,72624.84483783167
mp-5339,45754.086811459965
mp-754596,59571.53747042123
mp-24066,108114.82616862628
mp-28627,54406.18860442316
mp-5127,113439.70213968854
mp-9778,62328.196396912135
mp-10250,42378.77385698859
mp-8127,132017.4274484998
mp-1784,15339.597103739545
mp-20782,63682.71139951123
mp-22261,61768.00805381086
mp-4156,112335.17734008716
mp-4511,42175.30987626481
mp-559695,59509.87775999477
mp-8267,85247.48226729092
mp-20790,51975.0848378874
mp-3163,44622.68910498683
mp-3395,93743.78871830896
mp-3834,44513.27152623746
mp-539,83618.09805956867
mp-13949,54138.56368068251
mp-9514,51263.7129882145
mp-9986,100763.97837210368
mp-7457,96943.1765003016
mp-924129,23885.13818457084
mp-10760,15843.684105520111
mp-570213,24025.427240962254
mp-10163,62982.17094013665
mp-13548,42994.53351369586
mp-23710,89019.73249687826
mp-2691,15502.020740697137
mp-3744,75793.40977902738
mp-567913,77021.70636397351
mp-8752,55328.36420893449
mp-9486,70917.62976934927
mp-9732,70137.95172903074
mp-989643,108291.13666542248
mp-10776,88899.84311490768
mp-13055,87966.02029981297
mp-14092,63275.71529309848
mp-1002164,21758.808514667995
mp-1087,15769.572731278042
mp-11520,23540.654056613697
mp-27421,68623.77349144469
mp-29585,53629.28171449861
mp-4360,82417.29669770764
mp-8377,112331.67423794144
mp-12903,61293.602955884126
mp-2542,50309.75229910441
mp-6983,102474.23836911184
mp-13983,72055.04538781177
mp-7988,23186.06695099702
mp-8278,40772.91060447313
mp-8402,42288.32800683001
mp-1009009,13699.320462546551
mp-1249,54203.0613163349
mp-27294,54372.54883621354
mp-13907,69802.4723602544
mp-1479,23426.97275744263
mp-22304,54443.5393896032
mp-28872,46697.16333193804
mp-7896,33609.99216165231
mp-1106,93095.44313577603
mp-14037,84440.98383181136
mp-21510,92589.52458166056
mp-33526,63128.8176606764
mp-36582,37208.21553074562
mp-5012,131865.32692297685
mp-5348,128879.32318515598
mp-9631,79196.28440952921
mp-989570,72180.31373760678
mp-1778,25246.844082731302
mp-27608,141225.85699310628
mp-3349,109405.61213403662
mp-568052,77155.52044625205
mp-8579,39027.82240897453
mp-975115,120793.56502844136
mp-1541,18729.20952452727
mp-29342,55651.31607870282
mp-3595,66258.6213249213
mp-4820,131892.06937356383
mp-552537,51081.06002859661
mp-7569,73998.96570066707
mp-7575,28600.802226777432
mp-13984,71645.51822978695
mp-2552,79376.17648636475
mp-37091,55428.850450863705
mp-4495,47700.0870803449
mp-5427,126674.87885825492
mp-1039,31743.170748045923
mp-27691,66691.26502447586
mp-27829,70277.73430218089
mp-29163,95194.68144876722
mp-551873,55556.25656254206
mp-5928,60335.06981947088
mp-7631,147380.6107776388
mp-8426,22935.32205201811
mp-8724,106082.87094062142
mp-9158,38526.49260897975
mp-9657,102557.44990108168
mp-10969,49716.58529581878
mp-4236,103430.0194522366
mp-568536,68030.169468014
mp-989522,82143.71686708658
mp-12491,91313.75358317414
mp-5238,66518.08052597607
mp-754363,60926.035609983206
mp-12016,100182.15656360945
mp-552234,84695.28119921449
mp-755586,67413.49518548379
mp-5175,35144.30582641685
mp-550685,91662.3308875974
mp-7903,75577.53081299347
mp-8299,54225.62211764488
mp-9855,96999.45376235228
mp-14333,124715.0033828695
mp-22975,69249.02473578573
mp-4482,95407.107058297
mp-8818,44864.18228555592
mp-989513,100488.4151342968
mp-27385,93488.20618440535
mp-676861,62187.56797941968
mp-9755,121366.4218927539
mp-989579,74793.33708263638
mp-14983,82017.27405349862
mp-23070,46867.34412786683
mp-697038,134457.796274756
mp-989547,72157.26010355777
mp-10695,16539.36685905355
mp-21511,94329.9507169102
mp-23485,53128.428177686685
mp-31149,40802.670518851664
mp-760375,70066.03561993522
mp-16763,30634.71988306844
mp-31468,110851.44040210004
mp-568018,45720.93681539781
mp-675230,63258.20413581192
mp-1253,15251.63283597472
mp-13190,77945.5948796447
mp-20256,93754.46457464086
mp-23127,87270.64718430897
mp-29678,31064.77812292782
mp-555286,133690.31907442695
mp-27243,53856.80250191257
mp-549589,65528.18596894726
mp-552806,84363.0205648704
mp-6058,80047.51814013506
mp-754329,92162.06865854951
mp-7909,55596.41258107624
mp-924128,23730.357339632446
mp-9562,52708.40108704855
mp-998433,75955.93498355537
mp-1009087,72471.23676802203
mp-15788,32456.874636253804
mp-23484,78163.71720614457
mp-760400,95177.39826518724
mp-7940,63651.67790902672
mp-996983,73455.65862055401
mp-996997,75642.77865404195
mp-12442,71577.02618804066
mp-23513,70734.55966224238
mp-239,65547.06965893108
mp-5621,66532.2569110733
mp-10378,28744.93302925356
mp-11739,30486.081590892914
mp-20832,53853.26234129767
mp-22913,15437.941587336923
mp-553374,93189.60080090494
mp-12385,89617.00749076398
mp-14175,113415.11054717076
mp-16577,106758.62769762712
mp-3288,129910.69521562684
mp-7297,76062.57822722165
mp-754517,68708.55013356877
mp-10086,49822.27837515007
mp-14652,79258.99347162493
mp-35152,116014.77102849164
mp-5878,41212.11179293582
mp-961646,24026.372931442194
mp-989407,100892.7902302114
mp-2741,25357.50027766675
mp-28377,37814.94679684244
mp-3654,39829.10596398111
mp-7446,80047.70519110955
mp-8697,118630.1280194208
mp-22906,15077.92720501081
mp-23949,57399.164035055874
mp-30373,15064.171281678886
mp-961693,23349.74616402178
mp-13946,75879.29923523808
mp-23040,31663.44090870796
mp-2600,15127.796530940395
mp-755293,52620.0356755338
mp-989538,65917.29158667977
mp-9126,87366.38610127289
mp-989536,73194.13112536333
mp-6870,107741.89984781967
mp-989605,73894.19577586578
mp-3839,62287.97235017064
mp-684969,82943.05164353858
mp-15684,61812.54763692105
mp-19717,15123.890251652172
mp-571386,14247.214376358312
mp-6088,66656.03754645844
mp-677335,69486.21329790603
mp-24084,19592.644093235696
mp-3277,72102.6100595544
mp-7921,73574.27506692552
mp-20351,16463.54892590901
mp-632319,18190.718835038264
mp-6984,80002.09780488255
mp-7770,38937.29139662546
mp-8177,24206.01231353477
mp-8873,81197.09076193896
mp-9125,87956.39355904583
mp-13097,46693.94930919243
mp-23036,66341.17163114889
mp-7467,74283.43961701596
mp-8446,62970.19619495968
mp-8881,33644.953810708066
mp-1008223,15701.813236662449
mp-10481,90837.5393239652
mp-989571,77606.92870210747
mp-20015,90259.0537575218
mp-14038,85020.16405664769
mp-16236,45889.475906526684
mp-24007,120258.06901867768
mp-569442,95289.1118434255
mp-5860,42098.825857842414
mp-8622,38539.58013179499
mp-1569,37650.813598814544
mp-8256,72291.83492243211
mp-3614,46153.74045999859
mp-4524,67831.16998567604
mp-602,47440.170401791744
mp-540957,68056.89262360352
mp-961675,25172.865858459947
mp-13900,87996.96696199117
mp-504729,78154.71980039257
mp-6989,93514.5260679666
mp-9812,125652.67262008604
mp-22922,15325.204353857704
mp-556953,86166.00460189545
mp-6920,60164.8715460904
mp-7642,61397.207650416894
mp-9384,47729.75660022507
mp-31451,23740.321062215444
mp-3772,55089.2922481404
mp-551203,79494.43140645203
mp-684580,15199.134464436713
mp-865427,76221.90588091552
mp-998599,76775.02393087403
mp-13133,110030.02648590229
mp-22865,15181.352617327027
mp-961698,25400.47232623529
mp-1009084,68598.04550716218
mp-10182,25674.916355338213
mp-13099,18282.4704877239
mp-13275,70907.16242070422
mp-13445,76969.18024670718
mp-4497,126118.10287038404
mp-505634,75639.69056331944
mp-6867,78238.99193069935
mp-9259,122923.65261934782
mp-989583,76893.12180419131
mp-21166,91884.45619599594
mp-22909,48089.389163895976
mp-6408,66292.7732706528
mp-9205,91350.85760334112
mp-1020019,137419.99029713785
mp-12908,31138.553249835542
mp-13926,79493.49458614933
mp-15794,31389.29098469307
mp-23432,47327.08520187749
mp-7077,47484.458993541295
mp-13276,50058.17862825137
mp-13610,68337.46304925869
mp-29506,67579.4161785557
mp-7128,91973.77110915088
mp-7219,93489.77994075384
mp-14091,64524.27163775281
mp-22450,106388.27823391084
mp-7547,46018.94091550267
mp-7955,67637.23878301706
mp-1639,32037.584073189973
mp-1960,30574.224147872275
mp-540703,91299.86190845253
mp-8615,141004.98107303795
mp-1018096,31462.025668196657
mp-28626,101836.126912181
mp-29149,56359.28054660012
mp-29209,38759.56421303823
mp-3074,100625.80774635136
mp-5342,65586.52246080193
mp-7566,134325.69593719635
mp-8405,49292.65276949118
mp-31235,68606.54080541109
mp-753098,35533.15608723926
mp-976280,32764.510920122284
mp-23260,90695.24714610884
mp-23862,58409.04129921353
mp-28270,96263.6184102262
mp-28599,56064.3010574208
mp-4175,66505.08744735176
mp-4533,123363.66219865922
mp-6270,93094.38954883494
mp-861979,87508.31451933675
mp-24423,61974.47954767798
mp-30251,71659.13251847301
mp-5795,46373.972021051326
mp-626785,93867.369419496
mp-6949,69369.50656584781
mp-9273,61041.96670102643
mp-1009750,19441.465436467934
mp-21276,15456.261429086748
mp-28237,62809.017785389806
mp-35777,54226.66091602239
mp-545500,85645.84971757847
mp-768368,54171.12078624867
mp-7931,95805.16088422292
mp-1009540,19963.58616260881
mp-1070,30999.108989383192
mp-27419,70064.71539715627
mp-28020,99449.32271070725
mp-8200,101878.5920872055
mp-8922,87516.17407863066
mp-2251,39771.60964389543
mp-22901,15115.134351975648
mp-22919,15093.195037776057
mp-30847,23840.00106756996
mp-675104,78276.10688620043
mp-9274,60788.23865240218
mp-15951,98341.67522670918
mp-11715,120627.5531491548
mp-23251,15217.795355391963
mp-27227,103497.6202791355
mp-6560,99692.1521638258
mp-7863,58799.48077140551
mp-971,23735.23693362371
mp-1330,21775.69994564994
mp-998552,44728.906932513055
mp-8753,54405.62795667994
mp-12894,44159.13937725684
mp-27831,70644.57051487852
mp-553961,116933.3190487448
mp-7618,68322.09504744333
mp-1591,75331.13166102023
mp-861937,30304.695937150453
mp-961706,25086.745909297813
mp-2319,53565.62603957455
mp-28994,66880.65565996306
mp-4342,45810.38216306291
mp-4979,68814.53297122272
mp-568619,122802.2476077688
mp-9008,45618.53259267102
mp-15557,74671.09198196497
mp-22935,46315.22832226964
mp-23017,86368.4490663121
mp-549697,88753.07970172881
mp-5594,120831.1433015087
mp-8335,60855.23863516133
mp-6798,91500.14915103884
mp-9583,57089.93763782743
mp-29091,74832.28121649282
mp-6494,130645.32028928064
mp-989642,130687.11119123854
mp-10246,80765.29885616589
mp-3054,149201.23570277222
mp-5077,32732.130776403534
mp-1009733,23834.81723108133
mp-30460,23325.570586109025
mp-1008559,46778.3910677106
mp-12885,119708.7465974421
mp-7928,40031.95249857087
mp-9872,57815.92850615691
mp-12427,92610.57017992417
mp-4187,108474.87054786771
mp-8145,35173.30130238694
mp-27456,91204.11281259212
mp-561586,31242.518108481323
mp-648,23775.69648535334
mp-9573,52774.57448787259
mp-9687,62413.98522937743
mp-989539,123657.60885600086
mp-23818,61277.54242421914
mp-6660,129323.04777450206
mp-754118,91585.46576878068
mp-1342,15876.1281207003
mp-20072,35615.0464694767
mp-9846,46054.4912862043
mp-23167,15157.898420763036
mp-7469,105873.43023424625
mp-2530,24878.843683859868
mp-31454,23817.950995111445
mp-3980,72798.51348264274
mp-551456,50507.48631719605
mp-7482,32534.003167024646
mp-856,58510.49986472568
mp-561827,67998.741930849
mp-561902,93266.68027713342
mp-989545,68902.83537742967
mp-569639,15151.454501877311
mp-5962,47688.983138118456
mp-7848,73078.16681400065
mp-8621,38732.92356754068
mp-10918,49593.7529297541
mp-22888,46337.43751624204
mp-643101,145575.40682961608
mp-7670,76962.77145668532
mp-8192,78198.21227493789
mp-9720,103890.02526027652
mp-989531,82946.4308341949
mp-989565,74405.54619403048
mp-989638,103313.6657778016
mp-10281,66140.49950943342
mp-14115,37665.63978593257
mp-34169,54670.15166196791
mp-3432,24050.928891937405
mp-384,87713.3500500025
mp-6929,105186.84068383096
mp-1008680,24187.538472918222
mp-1009085,77704.05349821171
mp-5213,65653.9007919253
mp-8175,33429.61173333035
mp-989535,120225.14779280388
mp-22894,30399.224211603698
mp-5652,118438.74986447406
mp-5782,67922.88333477397
mp-7232,41365.00291207345
mp-3359,61133.76414629822
mp-370,15502.408822889303
mp-643260,100136.21249789192
mp-864954,83862.21943889587
mp-8874,86317.82392066263
mp-3070,136609.12588435042
mp-8255,72186.74646911418
mp-23303,15107.302293850702
mp-24292,138441.2531890884
mp-540584,42968.49005006169
mp-23259,15824.66846453066
mp-27253,96128.71073772103
mp-4690,113076.56674853111
mp-567558,61308.392491178034
mp-4009,64156.38059958359
mp-551269,88960.01363567339
mp-743,98965.19802679728
mp-1105,26681.698820478152
mp-22898,15151.4301228955
mp-27369,76523.32836666743
mp-29208,39041.89983833228
mp-5488,71783.86274048254
mp-9672,80945.70516990083
mp-989575,124640.16401888175
mp-11714,98250.90180283532
mp-1315,16494.05280498608
mp-2697,25578.09147226417
mp-4002,79831.83647954246
mp-697030,144345.8518165456
mp-10550,45216.5471770176
mp-11695,72706.59997516424
mp-14398,118834.40371155576
mp-7907,57197.59040673378
mp-1153,26542.591653432817
mp-8857,76995.54502494719
mp-5038,64531.41034724412
mp-973185,36689.813147470944
mp-1009082,63887.82909172212
mp-21855,64295.2330535111
mp-2400,64098.1047532017
mp-510273,69637.96794316487
mp-989405,76359.71908521559
mp-7437,48063.152274041495
mp-7922,72160.48767034343
mp-8062,24564.01515402165
mp-866132,29393.790416623902
mp-9839,87923.15572230717
mp-1009819,15036.850629068838
mp-27904,102103.67456117246
mp-29025,72360.38771330327
mp-549737,121717.21598005132
mp-571093,42985.29297847112
mp-8280,39628.58354962828
mp-8300,50673.62909680967
mp-23033,32211.782809101955
mp-774907,41621.29434648977
mp-10289,129604.02487204022
mp-2784,23130.862221679738
mp-28069,54955.019104925086
mp-8017,63712.36387108845
mp-8452,50582.38382625227
mp-9127,86803.24623065938
mp-23737,63699.11595277336
mp-581024,30315.776716631422
mp-13925,81376.63748972188
mp-23137,85566.72798490016
mp-6204,82631.66025539023
mp-7438,46213.39140207512
mp-22957,48030.66278411214
mp-22988,38556.31940557626
mp-2352,24974.8274990742
mp-441,22644.8524195076
mp-571222,15071.306836105588
mp-5840,75696.03887614059
mp-6972,36602.686269783866
mp-867193,30322.323983286504
mp-8978,70866.7961723869
mp-991676,62561.07278763803
mp-28650,30830.489104763816
mp-641923,68727.61489077439
mp-7323,107282.66618846916
mp-7604,64050.52512485958
mp-7622,135809.27182558586
mp-9195,62588.51488491198
mp-1986,18337.98099689708
mp-5061,117984.95171609556
mp-558071,31476.99479763222
mp-7449,76525.30695916088
mp-568666,75797.49532539044
mp-6973,46598.359800393
mp-9143,81232.88185210926
mp-10167,63097.64745163792
mp-1287,95169.12597276324
mp-547244,85283.29538772014
mp-14088,78393.4264815801
mp-14437,34115.96674705149
mp-304,93715.93704654278
mp-4359,48768.81680299871
mp-4385,123508.67571979022
mp-9570,39867.80557004749
mp-985586,40546.97266352075
mp-11719,54829.643079819776
mp-14069,77874.54158228278
mp-20027,54932.132499045736
mp-23097,75235.40990850177
mp-568661,54431.18821825416
mp-8041,22933.068668079213
mp-24428,148434.54775891223
mp-4405,36977.87021710323
mp-569812,115653.55306631628
mp-1265,19322.09800612995
mp-5020,45828.61750031965
mp-8943,92469.77004408187
mp-1009088,69985.49665456709
mp-10547,101176.1616542244
mp-570354,14289.80924885176
mp-6613,88580.30543570226
mp-7929,39799.30860875483
mp-961649,24142.89662264293
mp-989548,78634.96879514665
mp-23289,15337.930998217971
mp-4547,41952.95214396654
mp-504535,109552.09687326198
mp-7067,38724.2834350695
mp-8756,48394.40747218272
mp-27830,70213.38299416752
mp-1247,94095.24252884628
mp-28110,66325.36596162827
mp-3915,34533.62747598225
mp-5414,63478.608703365775
mp-8934,76681.48383884814
mp-9107,97272.8931087456
mp-571124,72034.23494395477
mp-5858,71745.08951818843
mp-14036,77984.8275258081
mp-149,18390.0039118112
mp-35220,137641.81491866976
mp-643002,147064.54145150713
mp-6947,71938.47099782308
mp-1009894,19254.505744711907
mp-7684,53520.52094023172
mp-7891,40179.19037843106
mp-9718,100114.39313895114
mp-2074,33842.24436848532
mp-560588,33060.092614571455
mp-7801,78915.15735376923
mp-9386,46176.35770024444
mp-974381,86782.97537834583
mp-2176,15521.405621704123
mp-2758,15386.297331004303
mp-7650,70393.6981310204
mp-8262,82167.73237995859
mp-8812,78680.88222975215
mp-9144,75197.28540308894
mp-20282,78167.15138681156
mp-27869,30861.936231804662
mp-32880,15437.961348366323
mp-567655,73409.91632787473
mp-753747,107180.16865280842
mp-24721,18991.84487630628
mp-9569,40661.11050051082
mp-9845,46394.62719596701
mp-996944,68360.35038133053
mp-23059,70533.70578549568
mp-34293,76106.52519835456
mp-7374,87767.28408409044
mp-1029,24039.336591841395
mp-10381,59708.761673974885
mp-12622,102801.80844952508
mp-14205,62182.494348906
mp-4081,63153.15922019474
mp-12418,92776.25186784255
mp-23406,71444.80735248931
mp-27828,71090.76267051863
mp-569346,30744.86453034768
mp-1022,23199.724678891933
mp-8930,77749.35078062785
mp-23214,47342.17892696679
mp-27207,53652.49368607808
mp-3524,96683.53524794945
mp-5394,48644.6026624701
mp-28453,75746.4291803605
mp-30056,37199.99935010745
mp-34932,42307.19779877636
mp-626151,112446.68705191772
mp-643279,146738.74657510823
mp-865500,76722.36405048649
mp-8830,37568.2255600849
mp-608555,70473.14057511056
mp-642725,109787.75267747998
mp-1873,51172.906216963966
mp-23209,23309.3763011836
mp-773137,45974.88983731935
mp-961678,24158.75216338515
mp-34579,93604.42612507349
mp-4452,57976.73650523237
mp-1243,97025.11504206916
mp-13641,93848.08398382018
mp-19734,69908.82136277176
mp-2659,51419.7195611617
mp-5532,63216.20203244654
mp-10492,83357.39541314202
mp-23025,50328.1767979987
mp-422,20051.46628913414
mp-676284,61130.66689578791
mp-7972,32853.511434624656
mp-23364,63157.11904855641
mp-3668,66761.4331734318
mp-638729,70626.52180596124
mp-11175,61380.36307386142
mp-11674,82783.52505356017
mp-12317,49787.14948897453
mp-16742,61913.88166696994
mp-2079,81805.77412819493
mp-4555,92412.54018918332
mp-675902,31236.62548688039
mp-989616,103678.04854943127
mp-27716,47857.43764590319
mp-4280,38015.60992168854
mp-1747,22823.553493744064
mp-2920,97342.51225590572
mp-675531,62862.30950420848
mp-841,78846.62751650749
mp-8703,61721.33288162421
mp-9775,69781.58715827763
mp-550751,78081.3920806254
mp-573658,99864.5518059508
mp-770932,98789.00189003776
mp-989618,82715.48338300454
mp-15668,62042.157420849166
mp-15703,121990.93542378138
mp-22903,15067.536548731743
mp-22914,15779.458926071877
mp-29529,47789.74619859597
mp-616378,71946.70472564758
mp-7027,118300.54590327086
mp-5377,116556.59165632803
mp-541044,67566.31408759396
mp-755309,68678.38600586796
mp-8979,115974.62782664274
mp-1009129,18748.88110597827
mp-11718,15506.253487003749
mp-15349,121598.11469855806
mp-5295,114261.8165664093
mp-643370,115738.99775371564
mp-6951,39058.31107646778
mp-776532,57025.248943041086
mp-924130,24270.10656728533
mp-998604,76524.89516228523
mp-11022,73387.13372717345
mp-14206,61540.97387198163
mp-7910,55478.48753782849
mp-160,166234.90753447142
mp-961657,24305.03515675616
mp-12532,66568.25353717386
mp-7738,47956.74512873919
mp-989537,73240.51250873867
mp-23350,71482.37718694098
mp-4824,47884.38005100052
mp-642648,179794.01963326125
mp-7958,33103.12831246449
mp-961774,23029.3938954119
mp-2605,17495.82131086486
mp-380,31523.695876030422
mp-19833,64492.06843960642
mp-3125,98305.15888428276
mp-3427,171457.49385528592
mp-567373,116127.93777945676
mp-755895,105489.6971503326
mp-8042,121336.44718115217
mp-8932,82370.45491549383
mp-9565,39423.51459170631
mp-11917,58489.11451162738
mp-2469,16098.032983531968
mp-36508,68980.95973421106
mp-551092,90494.01269919738
mp-556120,131957.13084537975
mp-560791,109740.59112771427
mp-6026,133844.97628450912
mp-9064,87616.33080702942
mp-11824,40665.18348924578
mp-4200,136735.6780604655
mp-557664,60578.649264239946
mp-7956,61568.42452591485
mp-29521,67703.34963700137
mp-6930,110576.5745881966
mp-8208,100689.05308282057
mp-989400,83768.35353970506
mp-1002124,19319.67298839805
mp-754535,69436.42682227882
mp-22323,91510.02957183828
mp-23425,69796.42181342078
mp-27300,76392.03185403542
mp-34126,131034.65617331544
mp-3771,98718.62641395554
mp-961711,24425.78467617809
mp-989523,79287.24231792711
mp-22867,15112.1533208063
mp-3953,124637.41820129416
mp-754826,58570.84403714594
mp-13947,75724.17054762841
mp-16264,97672.16048371042
mp-15776,55339.27194606358
mp-13109,90517.9698381384
mp-23933,140049.40417126674
mp-33588,68341.7442093729
mp-6654,85047.64773418196
mp-754368,70406.9034658213
mp-8016,65016.14837269511
mp-996959,77407.4776147708
mp-10653,14976.52525354758
mp-14070,74543.76519662437
mp-189,69048.46083535995
mp-541037,51325.312937987015
mp-661,45334.19188308334
mp-8962,49764.94054791944
mp-684690,79108.53151680103
mp-22984,67546.12609936274
mp-15685,62580.56638671072
mp-15988,33159.78025230216
mp-2667,15030.934502462827
mp-4809,57751.44003842291
mp-9124,24664.26005231927
mp-10919,50190.48102570778
mp-23299,15231.50776737704
mp-37153,65136.91844186377
mp-8430,49469.479756033084
mp-961673,24659.761826287253
mp-998413,76330.75473439753
mp-2072,60903.27446249266
mp-27420,69223.62582219025
mp-29463,139571.90042794534
mp-3042,83812.30960446986
mp-541226,68119.7567778308
mp-559092,35325.98554508381
mp-998198,35233.51952141739
mp-13992,72793.30846177129
mp-486,53491.18945096449
mp-5350,58407.22713868805
mp-554155,134388.74125005733
mp-570485,42831.38613450654
mp-9270,98914.07173176312
mp-1285,61688.07920513534
mp-1394,23256.46448420508
mp-22875,15062.01288282841
mp-29750,77291.81094415825
mp-736,71489.30430581278
mp-757,69519.95906000401
mp-8212,99018.71004001448
mp-978847,41034.023281710746
mp-23860,63376.84326362706
mp-28084,69194.82293613267
mp-7786,48621.41891263979
mp-1008506,42007.32451043102
mp-22473,30892.070803508486
mp-28423,78694.87322174358
mp-28602,40049.63145558455
mp-9575,52388.31694110333
mp-996962,75263.70169298103
mp-13032,16909.219967140274
mp-9675,103544.42889048684
mp-10474,77494.48504792755
mp-570097,60847.72539724382
mp-989529,60413.78480396428
mp-998297,34690.79180178976
mp-22904,47311.582106808055
mp-23116,64551.92254442992
mp-27882,70914.30365821089
mp-30456,95243.2450706902
mp-4666,69605.34108957434
mp-5132,134746.24998184043
mp-626620,93152.74497517654
mp-7911,104021.43888378536
mp-8039,38825.98718845247
mp-8224,70068.62981779902
mp-9383,35806.60507657616
mp-10485,47731.14284420903
mp-10627,15619.568957922089
mp-36066,77105.91395270184
mp-1011695,22642.812709947502
mp-11020,74028.73933851477
mp-165,36738.07617109389
mp-23349,130213.60526332346
mp-23475,69014.44921444744
mp-546794,73879.57278465046
mp-567290,34234.43796881139
mp-7176,30619.247866680384
mp-8455,14704.457533456964
mp-862868,44979.12998626765
mp-643243,144379.4006015301
mp-7233,41611.60978677561
mp-755756,43498.90968512896
mp-989561,83072.40166529726
mp-989610,119631.66021327044
mp-22899,15608.357979177134
mp-22934,55376.50354535352
mp-29398,68137.31186442115
mp-12558,24946.367611724527
mp-3821,78508.7165161406
mp-8235,83071.22559001586
mp-9200,38891.64493914104
mp-12015,69672.2344195052
mp-1550,17872.220512149317
mp-8298,55547.13276394952
mp-13287,61361.76663727411
mp-223,94339.29714647571
mp-23092,87072.1847401207
mp-3167,54477.99778123303
mp-754710,68428.96486049345
mp-8361,60485.069109783166
mp-13798,68064.19394678448
mp-29484,53560.56415398756
mp-568284,90998.78177863007
mp-8188,35692.88268927069
mp-867169,30358.472234373967
mp-961660,24949.95648673593
mp-980057,42022.47539265694
mp-27999,61088.60184721127
mp-558118,96722.68393533802
mp-5618,108038.0034481864
mp-7148,110137.96653213984
mp-8630,98857.341860306
mp-997086,68826.3874298613
mp-13658,119449.124589957
mp-20098,58037.38516364961
mp-22896,62940.48977468619
mp-22925,15199.201343464953
mp-4961,42969.87676641181
mp-504838,86121.78294294665
mp-867219,81719.36078306811
mp-10985,95145.80519787356
mp-1138,18126.862146907715
mp-15896,96924.66670096204
mp-20620,90112.08763793374
mp-623024,70942.42821761325
mp-10417,70065.50681376709
mp-22990,30793.09960462176
mp-571306,130104.10837384236
mp-8187,83381.84007197055
mp-989526,74438.03715512945
mp-8277,39644.50389116642
mp-11918,117586.82863854642
mp-29751,76276.4284757679
mp-7421,46717.37064761828
mp-552547,84044.56763675225
mp-30988,67909.48963507164
mp-541989,57640.26549183516
mp-6686,76719.1514172432
mp-643257,98064.6835351986
mp-989562,80569.03641816504
mp-6459,126778.80334774758
mp-9010,47307.136026034736
mp-5122,97787.3166488238
mp-9915,55277.43352305856
mp-9664,104641.21515928875
mp-3813,55246.14217600079
mp-505297,23998.45944720464
mp-8098,94384.31030056492
mp-20463,67505.12742375325
mp-752658,43349.54612385754
mp-22660,35913.82893742595
mp-23231,15169.139259268446
mp-10223,80606.37131699135
mp-13277,49024.2507636204
mp-543024,68806.02369912597
mp-8217,78375.57619548264
mp-38970,77569.31185910021
mp-9306,43472.32677111303
mp-9564,40160.55923796019
mp-7548,61748.06756204942
mp-574599,45853.357125701456
mp-2175,13892.179164410942
mp-22937,55536.75494163735
mp-753401,156400.4034401685
mp-10616,24340.72477153542
mp-22851,14561.973509313262
mp-32616,83622.38948622772
mp-4514,93839.30806449184
mp-541899,75741.49450425642
mp-571166,46221.44925987959
mp-22255,60999.270755483245
mp-555410,64433.14899311818
mp-5986,45122.973736044456
mp-827,99569.6463495442
mp-4531,121926.32769954554
mp-5478,152498.9813741839
mp-961682,23850.19269587267
mp-6960,79595.10024960367
mp-7808,67153.46783922886
mp-568968,61643.20047314871
mp-644203,57293.07571770444
mp-2517,95368.07962660416
mp-1000,15165.577393355108
mp-38011,36906.50199232454
mp-9198,82315.45621096563
mp-11265,91823.9607548782
mp-14588,77986.65569565537
mp-16337,54037.70441031091
mp-2534,16020.944412459352
mp-22607,54667.02042366771
mp-7611,78980.66826236708
mp-7104,40710.01876326845
mp-267,47520.130215012745
mp-553875,47361.80569663939
mp-570891,15185.678816549507
mp-2340,106602.01041452316
mp-4190,93109.25292052505
mp-30250,71460.66933830694
mp-7447,76611.44823281345
mp-8000,117997.93498511668
mp-772290,109540.6243582944
mp-7572,141296.52742308797
mp-28171,38857.33924763846
mp-8161,103899.941895435
mp-2488,68911.35921380151
mp-8409,34465.036031987154
mp-10341,88877.7748604391
mp-30062,69151.13969255523
mp-552934,50318.956725502736
mp-7060,66904.69671515847
mp-989558,82046.36153593067
mp-7773,61986.79585981053
mp-8623,38309.48473392681
mp-997036,72102.47846015645
mp-7596,122263.72319274074
mp-862631,30238.1901639824
mp-7608,47994.51775131298
mp-569548,76348.97755344647
mp-752580,130591.9775914187
mp-1794,21197.09186537724
mp-3448,42934.489765834
mp-7936,69326.842241881
mp-697144,147353.82660489602
mp-7173,23709.742267303835
mp-29266,31401.93530693844
mp-10322,72546.88479595905
mp-3056,33773.30344857864
mp-571467,74399.68986438555
mp-37906,29593.481641218008
mp-7000,110590.64796028736
mp-862947,30174.355257211584
mp-28264,228882.9688962496
mp-998156,34860.473010793685
mp-19851,61139.93269373459
mp-20352,93857.41157184204
mp-8180,124363.4311587824
mp-11919,115204.96890153125
mp-5707,102101.40821207562
mp-23091,87238.01769587502
mp-676464,53639.01222569234
mp-866291,15262.90247384416
mp-886,98517.08238340932
mp-13356,90798.45900439654
mp-4586,65556.68787145967
mp-865185,43678.26180119427
mp-8176,33119.046904443145
mp-989625,100963.10847064116
mp-29754,53489.116114773446
mp-567680,69545.81285533243
mp-573755,45566.19996425519
mp-7090,46986.72430033984
mp-7439,63653.66591134175
mp-20459,45773.60435157776
mp-3216,50175.77619093932
mp-20187,64703.24764815234
mp-625136,92405.78381926312
mp-7392,61545.12213005516
mp-5475,37790.33007164646
mp-27562,82108.25366702386
mp-7825,78893.16246126675
mp-3731,96800.3623389244
mp-23263,61302.91654740217
mp-7470,103176.03440846971
mp-13948,75427.97369245358
mp-753260,34701.38071423889
mp-989532,64260.42334874436
mp-23009,33169.87218440437
mp-573721,79432.76669685371
mp-8399,40163.2732121925
mp-961687,23566.256553323485
mp-12509,68192.040634936
mp-13676,130337.12825766146
mp-5280,106698.42848828345
mp-752676,147794.49422488987
mp-989520,61708.60406713511
mp-2286,25585.78317985046
mp-554941,55586.39958990509
mp-2918,73243.17455848082
mp-8658,46017.72735127958
mp-7188,25915.916469824213
mp-989567,70324.94809738723
mp-2150,45348.55782998393
mp-23054,90150.82534058066
mp-560037,73184.18513130328
mp-8058,121132.19084027968
mp-8454,15737.046446151871
mp-9821,71310.13839322614
mp-7667,80468.45169612541
mp-38117,53920.24159568149
mp-569779,23687.895461732816
mp-2455,48608.31992773378
mp-570324,68552.17372154554
mp-11869,23394.266179640577
mp-22483,61098.51123268215
mp-547792,94246.12380173164
mp-733,94339.26022483676
mp-10680,15196.515505942052
mp-1018040,32375.119529333297
mp-1958,15254.458777377951
mp-22003,50338.89127048124
mp-7251,88071.7804093668
mp-1008556,43052.13593794139
mp-12814,78396.81523212645
mp-555763,49595.28796285574
mp-567776,77934.80795724064
mp-15781,31466.523578099004
mp-9166,52245.91361007933
mp-1700,22647.817328302903
mp-463,15769.246655437648
mp-28603,97724.28701885908
mp-7979,78568.8145042501
mp-3748,40860.77866115859
mp-505825,50105.04108373023
mp-7937,67635.49635244593
mp-11583,94953.8852635234
mp-755013,107453.54414936255
mp-9348,81908.54882790333
mp-23060,68358.32670625766
mp-7886,68489.02666212586
mp-241,24838.27103078868
mp-28111,132550.64187449974
mp-24589,121380.25874292484
mp-3481,46338.47213820152
mp-3637,53620.51582227713
mp-966800,32917.09142479868
mp-12525,92531.62296653018
mp-22895,15369.78046927776
mp-7610,84228.04389948504
mp-9780,91613.63768399312
mp-9900,97529.8091463048
mp-9250,47925.17261594619
mp-28295,90803.92557515204
mp-2574,57985.20818398876
mp-551243,83213.6765577986
mp-9595,115626.2799672704
mp-558430,119633.45440191118
mp-760,49526.613004774845
mp-7774,61518.07149616225
mp-561561,84319.40995616296
mp-1565,28555.778083242432
mp-552663,110981.33636911608
mp-570008,39462.7582952191
mp-29584,56544.06049862775
mp-766,48902.88959159823
mp-470,62386.213984850576
mp-7639,63924.87655579443
mp-20289,31901.08563820703
mp-4609,131917.86109122465
mp-553025,86307.50129180492
mp-8931,76789.92158946626
mp-10226,32096.759094550784
mp-15999,101483.44213967296
mp-979137,41963.659061139886
mp-510268,72707.65210426839
mp-989566,74360.59878125199
mp-20817,95728.87857054612
mp-21374,53687.02717989137
mp-2172,16832.409378259792
mp-2858,116136.32037298412
mp-12954,76045.38544814535
mp-1345,98103.81731131353
mp-20731,54304.21888724184
mp-3104,72635.74971314192
mp-561947,39265.59735996524
mp-11703,63452.093550164784
mp-9307,42554.76538937984
mp-9610,62561.22977143908
mp-2371,53978.84758219075
mp-570538,50362.42192241248
mp-7017,34999.606613946125
mp-4165,122867.19602829928
mp-553310,73911.03259458185
mp-10614,25263.32081463381
mp-1598,62659.51010806241
mp-8207,100026.95531807412
mp-8411,62005.5901466251
mp-556405,117664.92358051005
mp-7505,80162.74928255776
mp-9881,46057.2657392688
mp-569677,31733.99129445448
mp-927,103920.95699379592
mp-13898,81791.5317421958
mp-634657,74198.77895252526
mp-21228,63243.85364325768
mp-3924,77604.84618454146
mp-4406,137959.86979516808
mp-571102,15039.127099788808
mp-6384,99519.02419736198
mp-9566,39216.69362372651
mp-996941,63858.73283973335
mp-560558,78948.61853818722
mp-7100,51343.19093643502
mp-25305,100985.83289795418
mp-560790,79842.5410253983
mp-7436,46172.70385425086
mp-9295,62250.30385116306
mp-13800,80651.463958443
mp-553303,53106.87862720381
mp-804,40854.37514710189
mp-8147,77478.36493043743
mp-19795,64053.4064246545
mp-288,34457.187716912624
mp-753946,34332.86758272868
mp-23861,60665.76648662883
mp-7472,72335.38359267879
mp-10159,29976.00853843017
mp-6586,87428.31689632921
mp-1413,53574.83348053644
mp-30041,31155.476524525217
mp-9268,92199.74875932973
mp-1266,23351.8537266792
mp-9062,94382.32933937598
mp-1922,97743.82725985124
mp-3038,56776.75959612759
mp-4627,103094.0678816994
mp-29396,87850.53495981965
