ID,Cv
mp-8291,169.0706211837831
mp-13660,163.29229011376526
mp-555874,182.1099157030184
mp-7906,151.5605419779979
mp-8751,137.2130399925254
mp-2068,158.76527951916026
mp-7752,117.76788258702308
mp-8277,117.60167903430232
mp-998603,246.5843876947877
mp-11918,154.5810514733746
mp-14039,210.27729841745185
mp-23804,105.35716308085428
mp-29751,243.59537380192825
mp-7421,143.77366236882446
mp-14285,242.12491506908128
mp-4047,182.53027967208132
mp-552547,222.091592416385
mp-28797,52.85301601748627
mp-28873,102.07447817291268
mp-24424,115.8470005179052
mp-35015,192.83928554129145
mp-487,198.21252781602084
mp-754326,82.01690727497893
mp-30988,175.80587260611597
mp-4651,201.42333681148656
mp-5072,113.13023946068198
mp-541989,93.40219830909436
mp-6686,205.0664169143702
mp-13903,169.33572693471723
mp-551835,238.3696442751641
mp-643257,107.04022889312242
mp-866141,84.76986617213889
mp-989562,231.6011626594424
mp-13031,45.99628587996429
mp-2201,49.116344092227
mp-571461,169.71707581921805
mp-6459,156.04578747974526
mp-9262,194.68105603424164
mp-5122,274.36399337899775
mp-545544,214.66169542701377
mp-568544,121.19884564214708
mp-22951,144.20696629481762
mp-4763,167.40363197416912
mp-9915,119.38114358022766
mp-588,164.47432810476852
mp-9664,266.02984394518177
mp-10572,128.53818769026682
mp-11713,138.95524135396968
mp-5518,190.4365779753744
mp-9244,79.75340010545251
mp-9382,82.88074350210914
mp-2979,285.9812532754848
mp-30004,166.74571418969987
mp-3813,161.8873794636737
mp-505297,69.84553292113576
mp-8098,194.4629166208336
mp-961648,55.615394337827645
mp-998612,242.4365807995411
mp-15704,102.32274532216888
mp-553281,213.0607685265432
mp-28554,95.89371045355917
mp-23231,49.21232365533032
mp-9321,163.58395901390026
mp-1009792,36.085398284019874
mp-10223,231.1762962485389
mp-23465,216.65381671278524
mp-27193,104.60484511510371
mp-569028,217.3815952672749
mp-8789,160.9542397604518
mp-8882,87.31353187966397
mp-1008786,47.99698336181812
mp-13277,136.83137337603716
mp-23956,108.55998376604472
mp-10044,34.27580888134891
mp-12779,97.42698233679066
mp-15556,235.59152327831004
mp-27255,228.15542915106465
mp-28243,186.40053412975445
mp-2853,40.405349795393306
mp-29138,192.55358903187505
mp-5479,121.3171753605132
mp-2064,48.21680889713522
mp-22313,104.1425912538154
mp-8217,193.08694691249795
mp-978852,79.98769323142649
mp-19799,176.50216896906267
mp-570256,172.10411992725722
mp-573697,49.21564014582268
mp-690785,116.02654666613124
mp-997041,157.3000230439116
mp-9636,168.59969371397182
mp-23295,49.0085555830813
mp-38970,240.5344163379261
mp-754117,129.30741418540757
mp-8279,118.16125320215907
mp-9385,145.5955731505246
mp-9856,289.8487083561515
mp-1968,107.84386333112602
mp-9361,95.2721747056158
mp-9567,119.36610642704076
mp-972937,143.43947451017223
mp-1009820,36.886494894573225
mp-23353,171.11912894874376
mp-3486,146.299195975122
mp-4782,170.07120417062214
mp-961683,50.8591779604431
mp-999498,40.76429401091469
mp-14006,166.51009354744676
mp-9564,115.9610343535696
mp-9692,287.9183275833625
mp-989635,183.753546694603
mp-12444,185.1244000784548
mp-22916,48.593687929330464
mp-28266,126.30333814467348
mp-7581,68.52575354437056
mp-23067,210.07052645337708
mp-15777,168.2942308609817
mp-23120,238.4864135741828
mp-684,139.7714764633334
mp-9844,189.9057988528205
mp-1519,48.23421236192247
mp-2229,43.16035249195279
mp-22937,164.6564484497399
mp-989629,180.8971087209494
mp-10616,68.99574218344115
mp-22851,45.43804328637765
mp-22905,45.92877596040198
mp-252,41.08024038101211
mp-3159,160.45896617645235
mp-32616,222.34097437636305
mp-4514,199.2774489869776
mp-961685,71.33703449783039
mp-10219,124.20400863566604
mp-22255,195.80350490895484
mp-4636,78.70016786049469
mp-555410,176.14392783658337
mp-567744,293.3230175601338
mp-5986,99.97584793230516
mp-626724,146.0776065244336
mp-66,12.594465717908028
mp-827,145.6430949572859
mp-4531,166.2601236734341
mp-5478,309.16604325146375
mp-567652,239.2065993450425
mp-753287,86.86874055946805
mp-8276,115.64063557186556
mp-961682,70.31141989956694
mp-5048,186.0193835777148
mp-6960,234.740934673818
mp-7938,177.3636661189627
mp-7939,186.08298431954168
mp-315,70.83024629436783
mp-568560,49.54735758801884
mp-7808,177.54453441951236
mp-27985,128.3069043814523
mp-573763,297.43407000841114
mp-999549,45.218878472944326
mp-10155,246.61514858952387
mp-981,68.05775619933091
mp-10336,292.4323487956586
mp-11019,155.19834062062782
mp-29403,145.67704589844718
mp-31002,172.33926905554765
mp-581833,73.67833454334652
mp-28591,165.4288972147987
mp-1190,47.30036558402042
mp-13033,46.97051438687027
mp-697133,122.39000412422654
mp-23222,89.27209167291875
mp-30459,70.71798235560662
mp-568968,193.7454781584944
mp-6059,208.43745537182187
mp-644203,83.14389629589532
mp-8407,129.3241908026494
mp-31212,155.20856990602144
mp-3419,259.6849650127845
mp-5431,207.1253383605852
mp-23197,49.67591479929456
mp-2517,281.3797063390111
mp-27303,262.7353294579434
mp-2961,166.91238940310208
mp-5967,68.2494168889643
mp-753671,84.30094265162417
mp-8257,233.98889788637803
mp-1000,49.224292424882215
mp-38011,61.37597337839012
mp-546011,178.26473455810412
mp-9198,180.40399486436823
mp-974603,136.3973662262878
mp-13868,201.28493780725384
mp-634676,123.56802318820792
mp-975140,186.8788903122853
mp-11265,292.65625109149295
mp-14588,239.1717256026432
mp-16337,169.20329863199092
mp-22583,238.8652254324805
mp-22956,165.43022137703397
mp-755287,170.70234741564
mp-8759,257.5318416654713
mp-9774,161.6566382468604
mp-10955,168.96628831916303
mp-181,288.55805629987964
mp-27839,208.719965104809
mp-7375,100.48318814909906
mp-643264,145.0852909322271
mp-8891,189.7866429371216
mp-983565,169.4206843585049
mp-991652,189.34784217799967
mp-10615,67.66314075821327
mp-23302,49.56963739304148
mp-2646,118.40865246431652
mp-6450,269.4525829779248
mp-7643,195.67016948894792
mp-9731,145.57421943371762
mp-9794,288.9812836300381
mp-2534,46.51349604437079
mp-996943,239.2839417999959
mp-1009220,33.173080647039995
mp-11327,73.93321279713228
mp-22607,167.18624786213564
mp-2472,44.96966064323792
mp-2695,142.40832538955172
mp-552488,182.6527709571444
mp-961713,71.34058467745393
mp-2008,134.60923116740452
mp-23550,266.71463263217123
mp-5588,155.91415043056392
mp-7104,114.55658829345948
mp-830,35.474242708868374
mp-989563,218.0954761850805
mp-12927,161.53535153670575
mp-546864,126.6752272356091
mp-696804,125.22536696122302
mp-8799,143.62886448685555
mp-9437,68.49585402084517
mp-23405,220.6082565391117
mp-267,141.1851661857486
mp-5078,265.4181448952584
mp-1014244,78.13916668676397
mp-10694,84.34380316983035
mp-2576,292.85337056329405
mp-2894,71.3467023389107
mp-546125,218.7782559743831
mp-553875,97.46985198791688
mp-682,45.29205339877475
mp-7908,163.89756489452208
mp-961661,68.42470998226413
mp-22862,47.84398655000585
mp-23870,34.38010664951989
mp-570891,49.15891895709763
mp-15954,275.2074421369374
mp-568273,95.30173490866576
mp-568662,72.49654075718647
mp-2340,254.21800092225263
mp-4190,197.48470094236257
mp-555166,187.07056439164307
mp-5853,175.04838885222512
mp-5955,163.34335714946516
mp-614603,49.63567091579604
mp-752446,77.24166918425452
mp-7849,101.63260687337733
mp-20329,165.28723316679591
mp-8289,166.9830686200308
mp-961684,68.8963574537248
mp-30250,166.27252962846444
mp-406,48.71016089377491
mp-7447,243.6289002117865
mp-997618,37.32499810028913
mp-15953,248.587806041878
mp-8000,162.38755209117485
mp-8459,203.4666654943072
mp-989514,236.05061500058332
mp-6492,205.95116749068103
mp-772290,242.95628412491743
mp-1672,46.001609810389006
mp-27138,169.66798806723466
mp-754212,221.76413936560112
mp-7572,192.2985756331617
mp-28553,182.0801217771912
mp-675011,148.80625722380682
mp-1009813,44.77370057535237
mp-13541,187.8783525024004
mp-1367,67.54706150350216
mp-15157,162.8828501083831
mp-23024,141.56179905944214
mp-3098,141.50845625024985
mp-3666,190.66916942363508
mp-997002,164.33091771275295
mp-10408,96.0841965505199
mp-23859,105.9578521456028
mp-28075,176.0084879417376
mp-672,92.63685017106496
mp-15724,97.188607385528
mp-2133,80.53157076620003
mp-22936,88.59366141394462
mp-2490,43.6276143250996
mp-3642,157.35805567089702
mp-561710,231.36207511147884
mp-567666,238.8658552615017
mp-3589,79.10983677045017
mp-6980,90.19984572304108
mp-8161,257.5719527945298
mp-862871,145.49364175773664
mp-14017,195.88774249744253
mp-20210,220.0821393463518
mp-23018,234.4197590229152
mp-556866,289.1054031571629
mp-8311,161.9147930751891
mp-9571,118.91715512684452
mp-978846,147.12006875080297
mp-3078,182.1090238278119
mp-989639,224.16764795356616
mp-1634,137.03881463443275
mp-27827,212.4880396385408
mp-8409,86.10984589536412
mp-10341,166.7854238335942
mp-2693,48.997490684130526
mp-552934,134.4106028927031
mp-567636,67.59171768875557
mp-569571,473.6964091247247
mp-573204,195.02049679388853
mp-7060,178.1563991272288
mp-961659,66.7888214019313
mp-1020059,204.60480230433984
mp-10418,171.47293005152343
mp-30315,133.8272714230489
mp-468,149.95629663769202
mp-5380,157.9460452047364
mp-7895,89.77075965617585
mp-8884,96.16569235894514
mp-989558,227.78401526167207
mp-2624,45.54342376867726
mp-3982,159.5872537594664
mp-545359,131.9797079355625
mp-553342,142.57975224431823
mp-7140,54.4967643341577
mp-8623,121.77353206150909
mp-997036,165.44390641987508
mp-23056,93.44710124400444
mp-569149,202.5441749463654
mp-7596,213.2851876766295
mp-8861,157.32607555150892
mp-9517,154.77931839567805
mp-19765,170.628418549182
mp-23703,26.88454644027628
mp-27791,246.11196325644272
mp-28302,168.04120392400085
mp-3519,247.48510780898604
mp-27422,175.0160052236596
mp-28145,211.88815931817064
mp-29151,163.3758555359484
mp-5339,146.8381606399574
mp-754596,122.01962328377152
mp-7608,94.88994851998312
mp-24066,155.81294797092804
mp-28627,168.1576478417144
mp-569548,244.4622013936112
mp-752580,231.12048772773448
mp-10250,109.61972634128294
mp-1784,48.66294561150894
mp-20782,187.5347008117793
mp-22261,193.31647693099168
mp-4156,235.4839294806212
mp-4511,110.2206313123292
mp-559695,170.0219636011642
mp-8267,214.26288509042791
mp-1794,33.95252086358232
mp-20790,129.18640442162865
mp-3163,104.54087776836444
mp-3395,198.85425224117995
mp-3448,108.20090830180506
mp-3834,104.56486149082814
mp-539,222.3816229671533
mp-13949,168.87747346033038
mp-9986,268.3164658629243
mp-697144,133.22143844662824
mp-7173,70.76692658841871
mp-924129,70.19461641605686
mp-570213,69.79963681976643
mp-10163,189.696376841814
mp-10322,165.2008635853339
mp-13548,141.54138756112022
mp-23710,72.56048191242884
mp-2691,48.13743827675817
mp-3056,88.01488873992068
mp-3744,153.8393717984541
mp-567913,242.30047787052388
mp-571467,237.597397757136
mp-8752,165.21385562972011
mp-9486,168.4624143198358
mp-9732,215.40307565832185
mp-989643,187.401677615134
mp-10776,253.8056518025336
mp-14092,188.76942631419104
mp-1002164,32.98808111673225
mp-37906,54.61348356620697
mp-7000,135.28931756547604
mp-1087,47.28680447243461
mp-11520,71.27742179122427
mp-27421,174.66098850526458
mp-29585,170.52642862647716
mp-4360,225.8604851083004
mp-6983,262.0939807941301
mp-13983,165.03246679804633
mp-7988,72.42793285479559
mp-8278,114.0932993952932
mp-8402,109.81834227253796
mp-862947,98.96384626742042
mp-1009009,31.704997144790465
mp-1249,122.20094112929591
mp-27294,168.12327516081265
mp-28264,160.23911599350782
mp-998156,110.97024274378194
mp-1479,29.30288698510209
mp-19851,195.34457078905177
mp-20352,241.17285445937364
mp-22304,167.89700148340174
mp-28872,101.80739701635812
mp-7896,90.33215993976218
mp-8180,159.26297112451687
mp-1106,288.5865108764861
mp-11919,157.6795234135047
mp-14037,221.61839435790168
mp-21510,290.1784048941192
mp-33526,189.05158863483743
mp-36582,59.91430595414183
mp-5012,198.65693751635484
mp-989570,226.01437124614324
mp-1778,25.536591679843387
mp-27608,175.45819561312524
mp-568052,241.86926929618284
mp-8579,119.5171121713459
mp-975115,231.01765488483284
mp-1541,39.334265193664216
mp-29342,164.12037891385444
mp-3595,179.85715049486598
mp-552537,132.16938583066667
mp-7569,161.12706838493034
mp-7575,57.29251668279354
mp-2552,147.88817192112538
mp-37091,165.02381467202363
mp-4495,140.81087886227985
mp-5427,178.70909387166026
mp-1039,93.9829195549235
mp-27829,215.107227076131
mp-551873,164.5689824300817
mp-5707,264.1925520556313
mp-5928,150.83843487881109
mp-7631,163.31389237106328
mp-23091,213.96121813507543
mp-676464,170.49106598547533
mp-8426,73.22532381419705
mp-866291,48.893606439845
mp-8724,257.11732118674746
mp-9657,175.28807150032398
mp-10969,69.97328850553275
mp-568536,222.2116170110564
mp-12491,294.2820083369909
mp-5238,178.91343887181625
mp-12016,269.4354669416766
mp-13356,205.72252636849825
mp-552234,220.4029605073502
mp-755586,176.63307629466854
mp-5175,84.20029169545504
mp-550685,202.83196721793985
mp-8299,163.09667081302047
mp-9855,276.5723385602964
mp-14333,211.6864510419621
mp-22975,214.6100163293289
mp-4482,192.8862144101401
mp-4586,181.8246746907184
mp-8818,104.03168759048572
mp-27385,287.49797007616064
mp-676861,104.08242195180118
mp-865185,106.17718156549326
mp-9755,217.38218641461307
mp-989579,232.0791463159143
mp-14983,181.33956708480807
mp-697038,116.59068658864408
mp-8176,89.97946896879749
mp-989547,221.5723846507135
mp-21511,284.7075320181312
mp-31149,114.20199064743512
mp-989625,186.7953313309684
mp-16763,97.45999524549651
mp-29754,124.9192145820136
mp-31468,238.66526803498297
mp-567680,217.30770873023584
mp-568018,146.94769632157127
mp-675230,188.62149174257087
mp-7090,142.92694531393713
mp-7439,187.6610598750808
mp-1253,48.943067813223486
mp-20256,286.54168099467336
mp-20459,101.85184637294552
mp-23127,214.0543944388823
mp-3216,89.18994597842331
mp-555286,204.3655447528486
mp-20187,184.4131947016477
mp-27243,169.7913087500404
mp-549589,182.26047609249449
mp-552806,221.3519775760415
mp-6058,209.5686253259499
mp-754329,200.35584379574323
mp-7909,164.4825774524441
mp-924128,70.68977178317321
mp-9562,126.37026430328456
mp-998433,245.70088142834388
mp-1009087,163.30169718600553
mp-15788,91.72314607120002
mp-23484,238.9001725432105
mp-760400,235.7723587214566
mp-7940,187.3844453820501
mp-7392,194.03887485196367
mp-12442,167.01487683453985
mp-23513,208.6760425671148
mp-239,182.43199560649447
mp-5475,76.87841924816294
mp-5621,179.12383665650242
mp-10378,94.7050320465128
mp-20832,169.7793209845044
mp-22913,48.341903440049855
mp-27562,182.2820149600484
mp-553374,242.8597616327287
mp-7825,191.57398908243235
mp-14175,236.83493470428408
mp-16577,248.8815974829404
mp-3288,232.31214246075857
mp-7297,199.32886484353247
mp-754517,220.01267027227195
mp-10086,134.1942874033706
mp-35152,109.00108641778104
mp-3731,190.77670816475805
mp-5878,113.1582117359178
mp-961646,69.7734345883349
mp-989407,184.9814708043092
mp-23263,194.80613776928
mp-2741,65.7899808671609
mp-28377,123.24483660548673
mp-3654,109.98500947451755
mp-7446,233.75870322157604
mp-7470,262.43438070907456
mp-8697,159.00132244967858
mp-23949,85.59556411839769
mp-30373,49.55385953911872
mp-961693,71.89117324618313
mp-13946,199.9609370303826
mp-13948,201.0490161008614
mp-23040,94.22945229355844
mp-2600,49.3485180500486
mp-753260,85.90448097799712
mp-755293,161.0003789820741
mp-989532,176.0381764097212
mp-989538,197.62085221937045
mp-9126,170.08747635354464
mp-23009,89.82115727129784
mp-989536,196.77530799524376
mp-989605,205.0168522174744
mp-3839,191.66128694675848
mp-573721,235.22936928421592
mp-8399,116.2518677478422
mp-961687,71.19855462680377
mp-15684,193.22912540064328
mp-19717,49.361721609569024
mp-6088,179.07256166506312
mp-677335,97.34313292983984
mp-12509,174.33288961992093
mp-3277,89.46044411928797
mp-7921,161.18472374562924
mp-13676,209.20425817846728
mp-5280,199.2072045430488
mp-632319,40.94079254631392
mp-6984,233.45234757561337
mp-752676,324.33137709976546
mp-8177,69.30188982863591
mp-8873,108.39486679566303
mp-9125,168.3693767651125
mp-13097,143.79865681190034
mp-23036,211.39923179185985
mp-7467,161.0056349808107
mp-8446,189.7212775426706
mp-8881,88.33271887737413
mp-989520,190.3766975859688
mp-1008223,47.50281528940149
mp-10481,293.3584833880839
mp-989571,240.50008731246763
mp-20015,163.6241319627009
mp-14038,219.90146077110688
mp-16236,146.393769746364
mp-569442,282.16606575805537
mp-5860,111.72703867824744
mp-8622,121.05435833929744
mp-2286,65.20252994405524
mp-8256,164.68895765565986
mp-2918,162.54654172247822
mp-4524,175.12791471352898
mp-602,141.48743562858647
mp-8658,145.98924394701285
mp-540957,222.1165714838392
mp-961675,66.29245095874084
mp-504729,194.19186861410515
mp-6989,201.8567640784529
mp-9812,157.5375950333125
mp-989567,200.65944765117464
mp-2150,146.3444329201651
mp-22922,48.70725302379548
mp-556953,217.9028071341244
mp-7642,194.52536240725547
mp-9384,140.81702264662707
mp-31451,70.65735510390824
mp-3772,165.87944184877995
mp-551203,235.1126505547431
mp-560037,209.27196238193312
mp-8454,47.39232343263646
mp-865427,126.70457280314632
mp-13133,245.2110565792477
mp-22865,49.17313495987167
mp-1009084,174.12436044240914
mp-13099,40.36800908160768
mp-13275,212.96774233321813
mp-13445,242.50419386011487
mp-4497,138.90234499953925
mp-9259,190.91501677724804
mp-989583,235.9622056917603
mp-21166,292.4644073405206
mp-6408,179.56953670718525
mp-7667,232.33662213379915
mp-9205,209.3283112509666
mp-1020019,189.60181740973584
mp-12908,95.85801485803408
mp-13926,219.93295972535
mp-23432,141.84838267584246
mp-38117,169.58451003779942
mp-13276,133.9237003012637
mp-13610,174.50952815259487
mp-29506,177.1056240839037
mp-569779,70.82251979923029
mp-7219,287.2952370861126
mp-14091,185.06253853325933
mp-7955,175.79275282312605
mp-1639,16.17178614107097
mp-1960,52.396764290491454
mp-540703,294.3502450879286
mp-8615,180.5187352270489
mp-1018096,94.95322749549422
mp-29149,117.53747274273988
mp-29209,120.35358094805784
mp-3074,267.75888830172374
mp-5342,181.749201793062
mp-570324,220.5084969748985
mp-7566,201.55715090091152
mp-11869,71.7477414881162
mp-22483,195.47253384038595
mp-31235,220.33770255261624
mp-753098,83.51161562082412
mp-976280,90.97624410420848
mp-23260,296.3100927629029
mp-23862,117.82815409169046
mp-28599,163.1772615610284
mp-4175,178.94626193066173
mp-4533,221.11257197243785
mp-6270,200.24425526089192
mp-733,159.99555361378472
mp-861979,211.1848675739803
mp-10680,48.99790245802362
mp-30251,163.41525629318605
mp-626785,101.45512172789924
mp-6949,171.9602289007527
mp-9273,195.66260219335288
mp-1009750,37.39855720413
mp-1018040,92.0504493104214
mp-1958,48.93401781029104
mp-21276,48.29121973692217
mp-22003,71.85981830178027
mp-28237,189.2765029894911
mp-35777,168.6213826574886
mp-1008556,65.97010350512596
mp-545500,217.97504916479244
mp-768368,168.85075819538974
mp-7931,280.37497608789533
mp-1009540,36.885377901077504
mp-1070,96.29142687495298
mp-555763,134.99043052257312
mp-8200,263.0614255059231
mp-8922,169.62468701861422
mp-2251,72.55385282526709
mp-22901,49.38892998829922
mp-22919,49.38183085992497
mp-675104,238.31587790035675
mp-9274,196.48511124300703
mp-15781,94.8093811622612
mp-15951,151.54026685216596
mp-9166,64.92722528277486
mp-23251,49.05390599181579
mp-27227,258.7233071504748
mp-6560,197.681141549398
mp-7863,157.01442911948675
mp-971,70.70049338230531
mp-1330,31.97376350219349
mp-1700,30.43100228195244
mp-463,47.28759289284409
mp-28603,274.5790202049391
mp-8753,168.14999127882922
mp-12894,104.751588228531
mp-27831,213.7483918197844
mp-1591,116.2560952710924
mp-7979,192.95364102555163
mp-861937,98.5379938557472
mp-961706,66.59840828134318
mp-2319,123.88915712206854
mp-28994,178.261875962519
mp-3748,70.7500915679392
mp-4342,99.56561330643252
mp-568619,136.1170111399108
mp-9008,147.2801262575994
mp-15557,233.614379995525
mp-23017,276.1499804094911
mp-549697,167.36583668015805
mp-5594,184.7672625832431
mp-8335,150.6638473542504
mp-6798,198.80709356238023
mp-9583,160.10498367676888
mp-29091,201.60489643252603
mp-505825,104.25505343238343
mp-6494,188.6101044670983
mp-7937,175.45872402473134
mp-989642,141.41022382822317
mp-10246,230.766851703763
mp-11583,194.1460237152775
mp-3054,186.0162449132276
mp-5077,90.99157753832048
mp-755013,205.03820789247973
mp-9348,222.81158408226875
mp-23060,221.12896344420176
mp-30460,71.96644211645238
mp-1008559,58.71342888132046
mp-241,67.39240350707344
mp-7928,116.49169566126716
mp-12427,201.45277396770345
mp-28111,295.5601225014579
mp-4187,170.01350746128855
mp-8145,84.24590341875397
mp-27456,294.65404583937254
mp-561586,95.53049119299554
mp-24589,210.32545912443345
mp-3481,144.9563132207166
mp-3637,124.0490073486108
mp-648,70.53927099634967
mp-9573,127.63051991458816
mp-966800,90.4701713230546
mp-9687,191.40100756744727
mp-989539,156.3129374224233
mp-12525,190.1642172376244
mp-23818,70.95037315083145
mp-6660,219.49418624287384
mp-754118,160.6235692590293
mp-1342,47.00972440354434
mp-20072,84.02651225770516
mp-22895,48.56021401203722
mp-7610,138.89681522497722
mp-9846,145.88002227408336
mp-23167,49.24960541453504
mp-7469,254.32723612730825
mp-2530,67.24035973504577
mp-31454,70.41699398201389
mp-3980,163.86795431813232
mp-551456,133.82599129686744
mp-7482,95.40813049088042
mp-9250,140.16231903257724
mp-989545,214.21687498009143
mp-28295,208.92489573103947
mp-569639,49.26684425242676
mp-5962,140.75582747278457
mp-7848,91.93108347075552
mp-8621,120.42352726201042
mp-10918,105.44379848596552
mp-22888,144.97447589662744
mp-2574,113.92286281310476
mp-643101,119.61463802193012
mp-9720,268.2751437281698
mp-989531,225.0743119738337
mp-989638,181.7508886812276
mp-10281,179.94811254316733
mp-14115,77.517535329966
mp-34169,167.17777994534174
mp-384,210.9694946219123
mp-6929,190.27137199901625
mp-9595,229.8754380665663
mp-1008680,69.28498001066158
mp-1009085,149.7557957954297
mp-5213,181.4899281849837
mp-760,135.03487628840037
mp-7774,194.12551449480893
mp-8175,89.03457581048963
mp-22894,98.21596043754155
mp-7232,113.99516989330398
mp-561561,221.94060575253243
mp-643260,104.3248554568628
mp-864954,135.2915210864763
mp-3070,204.66424648915108
mp-8255,165.39756479017737
mp-23303,49.415543829376055
mp-24292,113.06083435573431
mp-23259,47.14484751961534
mp-4690,237.44380513728893
mp-567558,194.8112301650639
mp-551269,209.99815177757984
mp-552663,199.94294932494665
mp-570008,118.29350304145234
mp-743,146.934300223423
mp-1105,64.91901098234656
mp-22898,49.26985617667227
mp-27369,234.6064143119673
mp-29208,119.45125999553706
mp-29584,163.4210741955833
mp-5488,164.94497725741238
mp-766,136.90252102172485
mp-9672,230.745031134672
mp-989575,151.7057512414077
mp-11714,108.89044585032624
mp-1315,45.05462438119136
mp-2697,60.13017629553269
mp-4002,188.02010693725333
mp-697030,115.35549374976824
mp-7639,186.71096584817465
mp-10550,101.72050154127646
mp-11695,207.66202160568545
mp-14398,160.03402827711884
mp-7907,159.6840469440428
mp-1153,62.450984415613874
mp-20289,93.45787301544608
mp-553025,215.99601901846304
mp-8857,242.43941083317264
mp-5038,185.0574114926434
mp-8931,243.0379886163699
mp-973185,80.53592247303433
mp-1009082,186.7106429006846
mp-10226,92.83858081909844
mp-15999,263.33194493754206
mp-21855,185.52714929702267
mp-2400,186.3585200901981
mp-510273,171.9501660591503
mp-979137,74.92537775506554
mp-989405,244.4263405222258
mp-510268,207.66142726161652
mp-7437,139.7466347281969
mp-7922,165.1998998566045
mp-8062,27.212402697563224
mp-866132,92.86333149190074
mp-9839,211.32862650202208
mp-989566,203.43830737846832
mp-1009819,40.71768370983342
mp-20817,280.2311234364913
mp-21374,170.3136894234186
mp-27904,261.50858971027577
mp-29025,164.50717927798
mp-549737,194.1087840222204
mp-571093,73.46492324754736
mp-8280,117.61528320653665
mp-23033,92.65592383497656
mp-774907,111.92902489309073
mp-10289,138.0995454941427
mp-2784,72.59405093474741
mp-28069,166.28003979891602
mp-8017,187.3712880021253
mp-8452,132.3225347765491
mp-9127,171.52693253536253
mp-23737,72.72348678399499
mp-13925,229.48527816798853
mp-23137,204.5926165263989
mp-2858,226.8532961276691
mp-6204,225.842805243911
mp-12954,155.24982835260582
mp-1345,273.18654736539344
mp-20731,168.34361204521045
mp-22988,121.02641354826952
mp-3104,164.5229652108496
mp-441,74.1723430740745
mp-561947,118.44534169361478
mp-571222,49.529972574478165
mp-5840,154.47915115537913
mp-8978,146.9968688953608
mp-991676,190.82400092393848
mp-11703,188.1455246602193
mp-28650,96.4025834364493
mp-641923,219.9578290988338
mp-7323,141.9048690116817
mp-7604,140.96346867663422
mp-7622,207.36789164397243
mp-9307,110.8449733620163
mp-9610,81.35465079671988
mp-1986,40.22336791324166
mp-5061,222.26576160182617
mp-570538,71.86151249373738
mp-7449,243.91448081499425
mp-6973,144.12889955967813
mp-9143,145.03979211803548
mp-1287,282.9248117219984
mp-547244,218.8265744357638
mp-14088,193.66045551111063
mp-14437,87.14546932373007
mp-304,286.5716768519273
mp-4359,118.71593643248906
mp-4385,162.2214114829902
mp-9570,116.8988489294784
mp-985586,114.99457182958736
mp-11719,166.94406176446728
mp-14069,148.90435505893498
mp-20027,119.75711860910154
mp-23097,195.8170600058387
mp-553310,161.9565971033137
mp-568661,167.93477417516058
mp-8041,73.23797168387688
mp-10614,66.34097163351376
mp-24428,130.73112220988884
mp-569812,192.81849627608705
mp-8207,182.7779831339432
mp-8411,192.564789696563
mp-1265,37.35395564538828
mp-5020,101.0902010361086
mp-556405,183.42086649310744
mp-10547,267.13321031345134
mp-570354,46.2272313172877
mp-6613,206.21412944150643
mp-7505,233.04811516182977
mp-7929,117.24096984546902
mp-961649,69.40277136187173
mp-9881,144.99050760834885
mp-989548,221.82739596438492
mp-23289,48.662329990723954
mp-4547,111.1085388535346
mp-504535,123.73850996700598
mp-7067,120.4399543809426
mp-927,257.12813094258627
mp-27830,215.2855009559977
mp-1247,285.3504995131904
mp-28110,214.4133519630029
mp-3915,87.19618520707056
mp-3924,148.8195298326884
mp-4406,199.93935464437035
mp-5414,187.97160587784845
mp-571102,49.629349189204746
mp-6384,198.6780717791821
mp-8934,243.3772797685245
mp-9107,275.67102699638195
mp-9566,118.9046258327473
mp-571124,218.6918363162297
mp-996941,204.84129802513948
mp-35220,96.35873616760531
mp-560558,236.44005029876132
mp-6947,84.18007179920036
mp-1009894,38.17855414933515
mp-7684,170.62824201246866
mp-7891,115.92766892770324
mp-9718,275.5144237192231
mp-2074,87.76705882171015
mp-560588,90.00339626290597
mp-7801,149.67802583007887
mp-9386,145.4822601913488
mp-974381,212.9396431875473
mp-2176,48.07496373512847
mp-7650,168.34562947046572
mp-8262,227.6284937449317
mp-8812,192.3543532824756
mp-20282,238.9040395358332
mp-27869,96.74469991014216
mp-32880,48.34184202099191
mp-567655,141.6275288843452
mp-7100,130.3387104119809
mp-753747,209.22075908089903
mp-24721,39.174081248594746
mp-25305,222.9499584902448
mp-9569,114.47163282209064
mp-996944,221.02467537185976
mp-23059,214.35609798679417
mp-34293,161.61003946100715
mp-7436,145.4867085415814
mp-9295,191.78191597995328
mp-10381,189.34303648086205
mp-4081,188.963968651159
mp-12418,289.58081972727825
mp-23406,211.5879649298389
mp-27828,212.6655330707437
mp-569346,97.10351839142884
mp-1022,72.37293053661331
mp-8930,240.00042871715752
mp-23214,141.80148647822975
mp-27207,162.53514612251965
mp-3524,116.37234739042589
mp-5394,137.75240471031017
mp-28453,246.36575385367385
mp-30056,118.1122209072608
mp-34932,52.71039033830116
mp-626151,138.93533546312182
mp-643279,117.89171172575698
mp-8147,240.85952342291287
mp-8830,77.88677765508996
mp-608555,214.5144098726761
mp-642725,150.58775538797036
mp-1873,130.66507571760062
mp-23209,72.02088831840358
mp-288,86.1981900318788
mp-773137,146.1296961313735
mp-961678,69.3501448286673
mp-34579,239.3397516614905
mp-1243,188.14059459981803
mp-13641,196.657961242184
mp-19734,170.30212861667707
mp-2659,69.04193189971335
mp-5532,144.34843945089582
mp-10159,96.79008028110916
mp-10492,181.68753036321692
mp-23025,133.3453468770181
mp-422,35.993738767326256
mp-676284,191.44569224095372
mp-7972,90.77395734936496
mp-3668,178.27630753679688
mp-638729,214.09966536273168
mp-6586,213.2872518418063
mp-11175,148.3710147377549
mp-11674,225.0787792986553
mp-16742,192.89161888512945
mp-4555,158.4267382714833
mp-989616,183.22081857265613
mp-27716,140.34187927690925
mp-9268,291.4929113884529
mp-1747,73.58915172911004
mp-2920,188.0198512615752
mp-675531,189.85925432802296
mp-841,148.1537629023734
mp-8703,192.24308855723385
mp-1266,71.88397380355727
mp-550751,116.35522835454468
mp-573658,276.36066117359894
mp-770932,183.5854547136102
mp-989618,225.9289809854496
mp-15668,192.45851527290185
mp-15703,72.54208244184613
mp-22914,47.27435396592868
mp-29529,140.4781405766561
mp-616378,235.92765113432668
mp-9062,285.5014346900137
mp-1922,273.9425874082733
mp-5377,228.3138592617952
mp-541044,176.16254499662213
mp-755309,173.27249508049945
mp-8979,229.44154500689723
mp-11718,48.12762940174752
mp-15349,215.71494307833004
mp-5295,234.6551610418668
mp-643370,123.1448673321562
mp-6951,111.49996384220336
mp-776532,116.68459579787782
mp-924130,69.00760049132714
mp-998604,243.8666434985977
mp-11022,161.05450123861536
mp-14206,194.069635895448
mp-4627,258.3176655904099
mp-7910,164.85445019230465
mp-160,131.0965209376103
mp-961657,68.91415479199159
mp-12532,179.84871615396227
mp-7738,139.9778134490063
mp-989537,206.8235850346791
mp-23350,211.5020017733466
mp-4824,140.10424341472435
mp-642648,178.00665029010395
mp-7958,90.01010975400716
mp-961774,72.9312365548559
mp-380,94.62880103505633
mp-3125,273.2281579425008
mp-567373,186.3093270575762
mp-8042,216.8575443634219
mp-8932,226.8718292549392
mp-9565,118.2471478210932
mp-11917,72.31193271464846
mp-2469,46.30280817378773
mp-36508,173.23244762518672
mp-551092,204.68350475906092
mp-556120,201.43759488659063
mp-560791,245.20151987423708
mp-6026,181.26873903322448
mp-9064,285.5808306217023
mp-11824,106.51356605205402
mp-4200,195.7987371117842
mp-557664,177.40279451030824
mp-7956,192.92858111551428
mp-29521,176.62617791843164
mp-6930,135.32352690200474
mp-989400,222.61585973487504
mp-1002124,38.25433265782338
mp-22323,201.61781181456976
mp-23425,216.59505455535705
mp-27300,244.31209894516792
mp-34126,318.45225480490075
mp-3771,184.13160318859832
mp-989523,228.2470299164828
mp-22867,49.39830762886384
mp-754826,121.379886998402
mp-13947,200.29215266329052
mp-16264,274.8265357500444
mp-15776,165.0872265297809
mp-13109,205.3753005637372
mp-23933,79.81030721128118
mp-33588,173.8402412121481
mp-754368,169.45592173201536
mp-996959,151.17666063724454
mp-189,171.62629215748623
mp-661,60.86016516500227
mp-8962,148.07612768709652
mp-684690,235.67291904198424
mp-22984,176.49551727013753
mp-2667,49.66225635168199
mp-4809,157.91435938462757
mp-9124,67.9390376377086
mp-23299,49.00942068701976
mp-8430,135.4827962530505
mp-961673,67.83253835940565
mp-998413,244.4147597183153
mp-2072,196.1077304833082
mp-29463,180.74232674798105
mp-3042,180.6029136442063
mp-541226,175.78507414646782
mp-559092,84.34379998515709
mp-998198,111.45247314662268
mp-13992,207.48138009476955
mp-486,124.10001788912231
mp-5350,155.93606827326104
mp-554155,203.07000016165028
mp-570485,72.93369629682617
mp-9270,270.81731611738934
mp-1285,105.52839248265128
mp-1394,72.21588325105158
mp-22875,49.56331592456549
mp-29750,241.49251318681308
mp-736,165.04020299603414
mp-757,170.5762994153567
mp-8212,184.5350231580816
mp-978847,77.41088593387434
mp-23860,109.98741435500466
mp-1008506,75.41848814514368
mp-28602,111.20756475524658
mp-9575,127.35587171556
mp-996962,155.98809912449045
mp-13032,43.88111082850919
mp-9675,269.3613909520397
mp-570097,149.1790215337358
mp-989529,183.13156737194768
mp-998297,111.80842763714844
mp-22904,141.73105800172078
mp-23116,185.14795857218616
mp-4666,170.63724867755477
mp-5132,200.1657061990556
mp-626620,103.52659395204982
mp-7911,259.86536921250325
mp-8039,74.69446447399413
mp-8224,169.5735476384481
mp-10485,140.80801900462544
mp-36066,84.71301485461767
mp-11020,159.66311076031255
mp-165,79.92757731990532
mp-23475,213.8062085289316
mp-7176,97.51071281692022
mp-8455,46.765545873691
mp-862868,146.3517481896469
mp-643243,121.13390967860036
mp-7233,111.9098580728448
mp-755756,105.87875552092112
mp-989561,224.7104762936684
mp-989610,156.30849125050736
mp-22899,47.81620287798416
mp-22934,165.14619037596603
mp-12558,67.02456829164457
mp-3821,193.2826845192826
mp-8235,224.7568389124348
mp-9200,119.99015727423289
mp-12015,154.8594756968146
mp-1550,41.23014300384933
mp-8298,162.77560294777155
mp-13287,188.9460635938016
mp-223,159.9955718923355
mp-23092,214.38469851305865
mp-3167,167.83131775858888
mp-754710,220.9103661195197
mp-8361,197.48091825098865
mp-13798,184.43427031036583
mp-29484,170.7369768161919
mp-568284,295.31865092532746
mp-8188,82.76556370796595
mp-867169,98.36204792224063
mp-961660,66.94893726906685
mp-980057,75.22702553642975
mp-27999,195.5226529794975
mp-558118,147.34462051037303
mp-5618,183.3379880492573
mp-7148,245.55581383203665
mp-8630,270.9683361249477
mp-997086,172.85427124105885
mp-13658,169.4529425699756
mp-20098,150.79603797526835
mp-22896,189.5696495075712
mp-22925,49.108500608796064
mp-4961,108.98631794562944
mp-504838,218.022471374258
mp-867219,229.2810312803307
mp-10985,282.3440491893137
mp-1138,40.5506095361356
mp-15896,277.1532035341639
mp-20620,207.56821402970064
mp-623024,168.43667137197892
mp-10417,170.55840184369654
mp-22990,96.99535264452356
mp-571306,366.3587247586672
mp-8187,223.32594744667188
mp-989526,212.46613859777972
mp-10748,180.20563003408128
mp-11659,163.56480242001396
mp-13056,212.6865970678537
mp-29364,203.80979060473567
mp-7914,80.58458390952735
mp-12535,244.0688486304616
mp-27546,136.6037017595378
mp-9010,142.14448204637418
mp-9919,142.0092556569986
mp-760417,170.8171214604765
mp-23004,235.8749032595049
mp-2964,74.96164731361019
mp-989608,241.1654304169462
mp-4124,68.31418572214746
mp-11123,291.49608705845327
mp-20463,173.03920273953423
mp-3970,193.97819796071863
mp-752658,107.0791701170194
mp-22660,82.63884804124987
mp-27549,196.4163643553178
mp-36111,64.51444885649971
mp-7041,83.48733751957509
mp-543024,219.7368875802109
mp-697044,117.92762055564968
mp-558781,225.91212482876816
mp-984761,98.48694516899386
mp-9306,108.12072711240836
mp-9317,276.01890778811776
mp-14116,74.57540778304161
mp-29055,146.7237258954315
mp-753802,205.25856507686385
mp-7548,193.43166105668288
mp-23268,48.958809601725626
mp-27315,167.1762732014342
mp-574599,145.67870698526136
mp-976876,103.12795402306854
mp-2175,44.48687575631689
mp-570935,92.56483212171506
mp-753401,299.22639969749576
mp-37216,176.2265270520682
mp-541899,244.8726133201229
mp-568032,167.90156548338535
mp-571166,144.6062691645072
mp-9063,293.5053572458382
mp-546500,72.2564443780207
mp-554412,203.59433624306223
mp-1500,48.05601255738935
mp-2030,246.90044381761945
mp-7089,143.63411097504138
mp-1009127,32.30840850491458
mp-2657,113.73845136097212
mp-3810,162.48197783560744
mp-4043,187.8173756214761
mp-2672,176.30047072665116
mp-1415,47.571287842851696
mp-23023,135.2196302847728
mp-5784,238.9001041970291
mp-8963,166.5914779779048
mp-1522,120.86545292520096
mp-7611,148.23247912259575
mp-3762,175.23253171437688
mp-755478,214.21551791899424
mp-16764,195.57359940510747
mp-989541,211.9130241717502
mp-5046,85.41975423220602
mp-997089,81.06633017723875
mp-1143,159.8992613696794
mp-7394,185.06943751685472
mp-989527,205.86014890690768
mp-23193,48.56971185947164
mp-1340,235.73433958794664
mp-570844,375.9085103449031
mp-1018100,91.1193443696141
mp-28171,120.07694891353636
mp-730,248.0403317134296
mp-2488,172.4783098178479
mp-27678,235.69736224859665
mp-697096,102.98071190071768
mp-30062,218.60435666263967
mp-24341,153.5308828540739
mp-7773,192.62581851523183
mp-862631,98.75558900954638
mp-8880,82.55544084638672
mp-5127,233.60088128814928
mp-9778,191.63933035686824
mp-8127,185.06602654297689
mp-7936,170.39394227681143
mp-9514,87.95432865636536
mp-7457,277.2145018103041
mp-10760,47.0616709148468
mp-29266,95.40101630226285
mp-13055,212.6607811605362
mp-8377,239.04228350549857
mp-12903,194.85148404329527
mp-2542,51.42548444395658
mp-13907,171.14337443327432
mp-5348,151.10981818885222
mp-9631,146.88745688602003
mp-3349,245.03901366682533
mp-4820,201.5683839519129
mp-13984,166.37897313442488
mp-27691,210.1601134327008
mp-29163,282.18306441421026
mp-9158,76.08520839867701
mp-4236,260.1497577516432
mp-886,186.07105039384064
mp-989522,221.25685336886025
mp-754363,150.59789707020974
mp-7903,200.72450129476184
mp-989513,186.9106909345152
mp-23070,143.3091434844742
mp-10695,44.974732123433256
mp-23485,172.1056437147225
mp-760375,169.50597097039545
mp-573755,147.44597553182612
mp-13190,205.70628898916368
mp-29678,96.04511954876769
mp-625136,105.1110691116872
mp-996983,162.0583605024814
mp-996997,155.03714187069352
mp-11739,97.94155038105332
mp-12385,208.8950934981296
mp-14652,220.7622585858264
mp-22906,49.51188865337622
mp-6870,141.3583498794094
mp-684969,223.9312747425525
mp-571386,45.129309095446295
mp-24084,37.85485012817376
mp-20351,45.22050744113223
mp-7770,119.7584170806889
mp-24007,213.53196508482097
mp-1569,37.95683766190808
mp-554941,153.39622489531232
mp-3614,101.32907923211384
mp-7188,64.30114646492216
mp-13900,213.16608750688104
mp-6920,84.93788476046021
mp-23054,205.4118792528485
mp-684580,49.10849121355734
mp-8058,222.60972165687647
mp-998599,243.077282594332
mp-961698,65.71213470147049
mp-10182,64.99018937876252
mp-505634,246.7353952847629
mp-6867,128.3251318670121
mp-9821,168.2451782737041
mp-22909,139.57996706487387
mp-15794,95.04669981690908
mp-7077,141.5718958444092
mp-7128,159.68808465649286
mp-22450,250.8168950406743
mp-2455,137.82697020952003
mp-7547,145.98801314291353
mp-28626,263.1535344000068
mp-8405,136.0929519916803
mp-28270,279.4119659418249
mp-547792,196.0204305178363
mp-24423,112.44328459158535
mp-5795,98.71410627341092
mp-7251,205.67091613191067
mp-12814,238.29626860379017
mp-27419,170.2593521142141
mp-28020,270.7012553916855
mp-30847,70.35356676611016
mp-567776,239.58327403424275
mp-11715,155.49393808264762
mp-998552,104.69417753693467
mp-553961,226.2966523242545
mp-7618,190.7247768749989
mp-4979,172.67526705430785
mp-22935,145.0707641841539
mp-1009733,70.35890003011727
mp-7886,190.3828169661892
mp-12885,224.5211769151148
mp-9872,160.33227280258015
mp-856,112.99112233111047
mp-9780,293.3158744469567
mp-9900,275.3084799699509
mp-561827,193.8474628356093
mp-561902,288.15099894056164
mp-551243,224.44046257008944
mp-7670,242.47452945892687
mp-8192,194.1018969931368
mp-989565,201.11011917460075
mp-3432,69.68254530398632
mp-558430,194.59245992430704
mp-989535,144.2161388518226
mp-5652,190.2350609807717
mp-5782,175.37801361462843
mp-3359,149.77251757483026
mp-370,47.28479426051897
mp-8874,100.58024879819772
mp-540584,108.60017244357066
mp-27253,191.2729883339596
mp-1565,56.50080930906832
mp-4009,185.96100304860576
mp-470,104.0842839143616
mp-4609,202.47982946285856
mp-8300,157.46625185166442
mp-581024,98.49932945125497
mp-2172,44.13722929644637
mp-7438,145.36794583696636
mp-22957,139.67461282121448
mp-2352,66.91601050749762
mp-6972,81.31723683657557
mp-867193,98.48068383297336
mp-9195,190.3369037487326
mp-2371,169.3920541655781
mp-558071,95.15267967236665
mp-7017,69.00491733955779
mp-568666,246.1844511331197
mp-10167,183.6896668879532
mp-4165,213.5078053540208
mp-1598,189.10380574504129
mp-4405,117.02961144359608
mp-8943,201.0545393662661
mp-1009088,170.32022825743115
mp-569677,94.10636658593252
mp-8756,138.7337034516725
mp-13898,228.2696092420508
mp-634657,120.24971456635478
mp-21228,188.73164200905168
mp-5858,166.34373743363545
mp-14036,198.6653184187716
mp-149,39.90708499309008
mp-643002,115.90297342756764
mp-2758,48.50501583087964
mp-9144,157.7184092476082
mp-560790,233.9637727374415
mp-9845,144.7946145033538
mp-7374,213.8845330805076
mp-1029,69.74680464459715
mp-12622,260.95601795376945
mp-13800,231.56693965065483
mp-14205,192.0648145892216
mp-553303,126.90901395411872
mp-804,70.9972333182799
mp-865500,169.09053073484333
mp-19795,186.235313164025
mp-753946,86.1193264884043
mp-23861,113.88850155161872
mp-4452,157.23679956657304
mp-7472,165.51677511953957
mp-23364,189.17432645299587
mp-12317,70.41010175301967
mp-1413,123.62537042304017
mp-2079,228.8448461447421
mp-675902,95.5312992414504
mp-30041,95.81026394329903
mp-4280,77.59530739042798
mp-9775,216.54202640242264
mp-22903,49.5413634558799
mp-7027,161.24315359806965
mp-1009129,38.92811170601505
mp-3038,160.9925746548699
mp-29396,213.00643485349264
mp-2605,42.20283364070679
mp-19833,184.9696880311285
mp-3427,268.1930053039867
mp-755895,255.3506913027544
mp-8208,180.6828287050962
mp-754535,171.84940663677938
mp-961711,68.5655343722757
mp-3953,160.71629686232495
mp-6654,219.19192315208045
mp-8016,183.49227061275
mp-10653,48.59078957189521
mp-14070,133.47098764988064
mp-541037,131.9255872455151
mp-15685,190.7632334449601
mp-15988,89.83444501482438
mp-10919,103.9049401140623
mp-37153,139.45009453506378
mp-27420,172.9485181009506
mp-28084,218.4999178248073
mp-7786,138.26981218569722
mp-22473,96.62665612712036
mp-28423,237.00568624500872
mp-10474,137.62003899675997
mp-27882,213.10220016124967
mp-30456,282.18833195532903
mp-9383,82.8562592460781
mp-10627,47.76686336769268
mp-1011695,74.17649104954717
mp-23349,143.73135239427776
mp-546794,90.24996608253008
mp-567290,86.98540045686761
mp-29398,221.84515437939427
